,DecisionTreeClassifier,LGBMClassifier,XGBClassifier
Accuracy,0.9743589743589743,0.9743589743589743,0.9487179487179487
Balanced accuracy,0.9166666666666667,0.9166666666666667,0.8333333333333333
Precision,1.0,1.0,1.0
Recall,0.8333333333333334,0.8333333333333334,0.6666666666666666
F1score,0.9090909090909091,0.9090909090909091,0.8
MCC,0.8993461677306268,0.8993461677306268,0.7928249671720919
