,LGBMClassifier,AdaBoostClassifier,DecisionTreeClassifier
Accuracy,1.0,0.9714285714285714,0.9428571428571428
Balanced accuracy,1.0,0.9852941176470589,0.9705882352941176
Precision,1.0,0.5,0.3333333333333333
Recall,1.0,1.0,1.0
F1score,1.0,0.6666666666666666,0.5
MCC,1.0,0.696630546019236,0.5601120336112039
