,RandomForestClassifier,LGBMClassifier,XGBClassifier
Accuracy,0.9850746268656716,0.9850746268656716,0.9701492537313433
Balanced accuracy,0.9852941176470589,0.9852941176470589,0.9705882352941176
Precision,0.9705882352941176,0.9705882352941176,0.9428571428571428
Recall,1.0,1.0,1.0
F1score,0.9850746268656716,0.9850746268656716,0.9705882352941176
MCC,0.9705882352941176,0.9705882352941176,0.9420164319072111
