,RandomForestClassifier,LGBMClassifier,XGBClassifier
Accuracy,0.9054054054054054,0.9054054054054054,0.8918918918918919
Balanced accuracy,0.5,0.5343137254901961,0.49264705882352944
Precision,0.8273648648648648,0.9084459459459459,0.8183915622940013
Recall,0.9054054054054054,0.9054054054054054,0.8918918918918919
F1score,0.8626434653831914,0.8789518846766853,0.8503374289981793
MCC,0.8420732457949587,0.8414255775976299,0.8194179022266636
